Year,CO2,VOC,CO,NOx,PM10,PM25,SOx,BC,OC,CH4,N2O,F gases
2013,0,0.00023,0,0.00100,0,0.05187,0.00554,0,0,0,0,0
2014,0,0.00025,0,0.00106,0,0.05514,0.00587,0,0,0,0,0
2015,0,0.00026,0,0.00111,0,0.05841,0.00621,0,0,0,0,0
2016,0,0.00027,0,0.00117,0,0.06168,0.00655,0,0,0,0,0
2017,0,0.00029,0,0.00122,0,0.06494,0.00689,0,0,0,0,0
2018,0,0.00030,0,0.00128,0,0.06821,0.00723,0,0,0,0,0
2019,0,0.00032,0,0.00133,0,0.07148,0.00756,0,0,0,0,0
2020,0,0.00033,0,0.00139,0,0.07475,0.00790,0,0,0,0,0
2021,0,0.00035,0,0.00146,0,0.07894,0.00833,0,0,0,0,0
2022,0,0.00037,0,0.00153,0,0.08314,0.00877,0,0,0,0,0
2023,0,0.00038,0,0.00160,0,0.08733,0.00920,0,0,0,0,0
2024,0,0.00040,0,0.00168,0,0.09153,0.00963,0,0,0,0,0
2025,0,0.00042,0,0.00175,0,0.09573,0.01007,0,0,0,0,0
2026,0,0.00044,0,0.00182,0,0.09992,0.01050,0,0,0,0,0
2027,0,0.00045,0,0.00189,0,0.10412,0.01093,0,0,0,0,0
2028,0,0.00047,0,0.00196,0,0.10831,0.01137,0,0,0,0,0
2029,0,0.00049,0,0.00204,0,0.11251,0.01180,0,0,0,0,0
2030,0,0.00051,0,0.00211,0,0.11670,0.01223,0,0,0,0,0
2031,0,0.00052,0,0.00218,0,0.12090,0.01267,0,0,0,0,0
2032,0,0.00054,0,0.00225,0,0.12509,0.01310,0,0,0,0,0
2033,0,0.00056,0,0.00233,0,0.12929,0.01353,0,0,0,0,0
2034,0,0.00058,0,0.00240,0,0.13349,0.01397,0,0,0,0,0
2035,0,0.00059,0,0.00247,0,0.13768,0.01440,0,0,0,0,0
2036,0,0.00061,0,0.00254,0,0.14188,0.01483,0,0,0,0,0
2037,0,0.00063,0,0.00261,0,0.14607,0.01526,0,0,0,0,0
2038,0,0.00065,0,0.00269,0,0.15027,0.01570,0,0,0,0,0
2039,0,0.00066,0,0.00276,0,0.15446,0.01613,0,0,0,0,0
2040,0,0.00068,0,0.00283,0,0.15866,0.01656,0,0,0,0,0
2041,0,0.00070,0,0.00290,0,0.16285,0.01700,0,0,0,0,0
2042,0,0.00072,0,0.00297,0,0.16705,0.01743,0,0,0,0,0
2043,0,0.00073,0,0.00305,0,0.17125,0.01786,0,0,0,0,0
2044,0,0.00075,0,0.00312,0,0.17544,0.01830,0,0,0,0,0
2045,0,0.00077,0,0.00319,0,0.17964,0.01873,0,0,0,0,0
2046,0,0.00079,0,0.00326,0,0.18383,0.01916,0,0,0,0,0
2047,0,0.00080,0,0.00333,0,0.18803,0.01960,0,0,0,0,0
2048,0,0.00082,0,0.00341,0,0.19222,0.02003,0,0,0,0,0
2049,0,0.00084,0,0.00348,0,0.19642,0.02046,0,0,0,0,0
2050,0,0.00086,0,0.00355,0,0.20061,0.02089,0,0,0,0,0
