Year,CO2,VOC,CO,NOx,PM10,PM25,SOx,BC,OC,CH4,N2O,F gases
2013,0,0.00023,0,0.00139,0,0.04315,0.00793,0,0,0,0,0
2014,0,0.00025,0,0.00149,0,0.04568,0.00832,0,0,0,0,0
2015,0,0.00026,0,0.00158,0,0.04821,0.00871,0,0,0,0,0
2016,0,0.00027,0,0.00167,0,0.05074,0.00911,0,0,0,0,0
2017,0,0.00029,0,0.00176,0,0.05327,0.00950,0,0,0,0,0
2018,0,0.00030,0,0.00185,0,0.05580,0.00989,0,0,0,0,0
2019,0,0.00032,0,0.00194,0,0.05833,0.01029,0,0,0,0,0
2020,0,0.00033,0,0.00203,0,0.06087,0.01068,0,0,0,0,0
2021,0,0.00035,0,0.00214,0,0.06406,0.01130,0,0,0,0,0
2022,0,0.00037,0,0.00224,0,0.06725,0.01192,0,0,0,0,0
2023,0,0.00038,0,0.00235,0,0.07045,0.01254,0,0,0,0,0
2024,0,0.00040,0,0.00245,0,0.07364,0.01316,0,0,0,0,0
2025,0,0.00042,0,0.00256,0,0.07683,0.01378,0,0,0,0,0
2026,0,0.00044,0,0.00267,0,0.08003,0.01439,0,0,0,0,0
2027,0,0.00045,0,0.00277,0,0.08322,0.01501,0,0,0,0,0
2028,0,0.00047,0,0.00288,0,0.08641,0.01563,0,0,0,0,0
2029,0,0.00049,0,0.00299,0,0.08961,0.01625,0,0,0,0,0
2030,0,0.00051,0,0.00309,0,0.09280,0.01687,0,0,0,0,0
2031,0,0.00052,0,0.00320,0,0.09599,0.01749,0,0,0,0,0
2032,0,0.00054,0,0.00331,0,0.09919,0.01811,0,0,0,0,0
2033,0,0.00056,0,0.00341,0,0.10238,0.01873,0,0,0,0,0
2034,0,0.00058,0,0.00352,0,0.10557,0.01935,0,0,0,0,0
2035,0,0.00059,0,0.00363,0,0.10877,0.01997,0,0,0,0,0
2036,0,0.00061,0,0.00373,0,0.11196,0.02059,0,0,0,0,0
2037,0,0.00063,0,0.00384,0,0.11515,0.02121,0,0,0,0,0
2038,0,0.00065,0,0.00394,0,0.11835,0.02183,0,0,0,0,0
2039,0,0.00066,0,0.00405,0,0.12154,0.02245,0,0,0,0,0
2040,0,0.00068,0,0.00416,0,0.12473,0.02307,0,0,0,0,0
2041,0,0.00070,0,0.00426,0,0.12793,0.02369,0,0,0,0,0
2042,0,0.00072,0,0.00437,0,0.13112,0.02431,0,0,0,0,0
2043,0,0.00073,0,0.00448,0,0.13431,0.02493,0,0,0,0,0
2044,0,0.00075,0,0.00458,0,0.13751,0.02555,0,0,0,0,0
2045,0,0.00077,0,0.00469,0,0.14070,0.02616,0,0,0,0,0
2046,0,0.00079,0,0.00480,0,0.14390,0.02678,0,0,0,0,0
2047,0,0.00080,0,0.00490,0,0.14709,0.02740,0,0,0,0,0
2048,0,0.00082,0,0.00501,0,0.15028,0.02802,0,0,0,0,0
2049,0,0.00084,0,0.00512,0,0.15348,0.02864,0,0,0,0,0
2050,0,0.00086,0,0.00522,0,0.15667,0.02926,0,0,0,0,0
