Year,CO2,VOC,CO,NOx,PM10,PM25,SOx,BC,OC,CH4,N2O,F gases
2013,0,0.00023,0,0.00092,0,0.04315,0.00554,0,0,0,0,0
2014,0,0.00025,0,0.00097,0,0.04568,0.00587,0,0,0,0,0
2015,0,0.00026,0,0.00102,0,0.04821,0.00621,0,0,0,0,0
2016,0,0.00027,0,0.00107,0,0.05074,0.00655,0,0,0,0,0
2017,0,0.00029,0,0.00112,0,0.05327,0.00689,0,0,0,0,0
2018,0,0.00030,0,0.00118,0,0.05580,0.00723,0,0,0,0,0
2019,0,0.00032,0,0.00123,0,0.05833,0.00756,0,0,0,0,0
2020,0,0.00033,0,0.00128,0,0.06087,0.00790,0,0,0,0,0
2021,0,0.00035,0,0.00135,0,0.06406,0.00833,0,0,0,0,0
2022,0,0.00037,0,0.00142,0,0.06725,0.00877,0,0,0,0,0
2023,0,0.00038,0,0.00149,0,0.07045,0.00920,0,0,0,0,0
2024,0,0.00040,0,0.00156,0,0.07364,0.00963,0,0,0,0,0
2025,0,0.00042,0,0.00162,0,0.07683,0.01007,0,0,0,0,0
2026,0,0.00044,0,0.00169,0,0.08003,0.01050,0,0,0,0,0
2027,0,0.00045,0,0.00176,0,0.08322,0.01093,0,0,0,0,0
2028,0,0.00047,0,0.00183,0,0.08641,0.01137,0,0,0,0,0
2029,0,0.00049,0,0.00190,0,0.08961,0.01180,0,0,0,0,0
2030,0,0.00051,0,0.00197,0,0.09280,0.01223,0,0,0,0,0
2031,0,0.00052,0,0.00204,0,0.09599,0.01267,0,0,0,0,0
2032,0,0.00054,0,0.00211,0,0.09919,0.01310,0,0,0,0,0
2033,0,0.00056,0,0.00217,0,0.10238,0.01353,0,0,0,0,0
2034,0,0.00058,0,0.00224,0,0.10557,0.01397,0,0,0,0,0
2035,0,0.00059,0,0.00231,0,0.10877,0.01440,0,0,0,0,0
2036,0,0.00061,0,0.00238,0,0.11196,0.01483,0,0,0,0,0
2037,0,0.00063,0,0.00245,0,0.11515,0.01526,0,0,0,0,0
2038,0,0.00065,0,0.00252,0,0.11835,0.01570,0,0,0,0,0
2039,0,0.00066,0,0.00259,0,0.12154,0.01613,0,0,0,0,0
2040,0,0.00068,0,0.00266,0,0.12473,0.01656,0,0,0,0,0
2041,0,0.00070,0,0.00272,0,0.12793,0.01700,0,0,0,0,0
2042,0,0.00072,0,0.00279,0,0.13112,0.01743,0,0,0,0,0
2043,0,0.00073,0,0.00286,0,0.13431,0.01786,0,0,0,0,0
2044,0,0.00075,0,0.00293,0,0.13751,0.01830,0,0,0,0,0
2045,0,0.00077,0,0.00300,0,0.14070,0.01873,0,0,0,0,0
2046,0,0.00079,0,0.00307,0,0.14390,0.01916,0,0,0,0,0
2047,0,0.00080,0,0.00314,0,0.14709,0.01960,0,0,0,0,0
2048,0,0.00082,0,0.00321,0,0.15028,0.02003,0,0,0,0,0
2049,0,0.00084,0,0.00327,0,0.15348,0.02046,0,0,0,0,0
2050,0,0.00086,0,0.00334,0,0.15667,0.02089,0,0,0,0,0
