Year,CO2,VOC,CO,NOx,PM10,PM25,SOx,BC,OC,CH4,N2O,F gases
2013,0,0.00023,0,0.00092,0,0.06756,0.00383,0,0,0,0,0
2014,0,0.00025,0,0.00097,0,0.07179,0.00405,0,0,0,0,0
2015,0,0.00026,0,0.00102,0,0.07602,0.00426,0,0,0,0,0
2016,0,0.00027,0,0.00107,0,0.08025,0.00448,0,0,0,0,0
2017,0,0.00029,0,0.00112,0,0.08448,0.00469,0,0,0,0,0
2018,0,0.00030,0,0.00118,0,0.08871,0.00491,0,0,0,0,0
2019,0,0.00032,0,0.00123,0,0.09294,0.00512,0,0,0,0,0
2020,0,0.00033,0,0.00128,0,0.09717,0.00534,0,0,0,0,0
2021,0,0.00035,0,0.00135,0,0.10292,0.00565,0,0,0,0,0
2022,0,0.00037,0,0.00142,0,0.10867,0.00596,0,0,0,0,0
2023,0,0.00038,0,0.00149,0,0.11442,0.00627,0,0,0,0,0
2024,0,0.00040,0,0.00156,0,0.12017,0.00658,0,0,0,0,0
2025,0,0.00042,0,0.00162,0,0.12592,0.00689,0,0,0,0,0
2026,0,0.00044,0,0.00169,0,0.13167,0.00720,0,0,0,0,0
2027,0,0.00045,0,0.00176,0,0.13742,0.00751,0,0,0,0,0
2028,0,0.00047,0,0.00183,0,0.14317,0.00782,0,0,0,0,0
2029,0,0.00049,0,0.00190,0,0.14892,0.00813,0,0,0,0,0
2030,0,0.00051,0,0.00197,0,0.15467,0.00844,0,0,0,0,0
2031,0,0.00052,0,0.00204,0,0.16042,0.00875,0,0,0,0,0
2032,0,0.00054,0,0.00211,0,0.16617,0.00906,0,0,0,0,0
2033,0,0.00056,0,0.00217,0,0.17192,0.00937,0,0,0,0,0
2034,0,0.00058,0,0.00224,0,0.17767,0.00968,0,0,0,0,0
2035,0,0.00059,0,0.00231,0,0.18341,0.00999,0,0,0,0,0
2036,0,0.00061,0,0.00238,0,0.18916,0.01029,0,0,0,0,0
2037,0,0.00063,0,0.00245,0,0.19491,0.01060,0,0,0,0,0
2038,0,0.00065,0,0.00252,0,0.20066,0.01091,0,0,0,0,0
2039,0,0.00066,0,0.00259,0,0.20641,0.01122,0,0,0,0,0
2040,0,0.00068,0,0.00266,0,0.21216,0.01153,0,0,0,0,0
2041,0,0.00070,0,0.00272,0,0.21791,0.01184,0,0,0,0,0
2042,0,0.00072,0,0.00279,0,0.22366,0.01215,0,0,0,0,0
2043,0,0.00073,0,0.00286,0,0.22941,0.01246,0,0,0,0,0
2044,0,0.00075,0,0.00293,0,0.23516,0.01277,0,0,0,0,0
2045,0,0.00077,0,0.00300,0,0.24091,0.01308,0,0,0,0,0
2046,0,0.00079,0,0.00307,0,0.24666,0.01339,0,0,0,0,0
2047,0,0.00080,0,0.00314,0,0.25241,0.01370,0,0,0,0,0
2048,0,0.00082,0,0.00321,0,0.25816,0.01401,0,0,0,0,0
2049,0,0.00084,0,0.00327,0,0.26391,0.01432,0,0,0,0,0
2050,0,0.00086,0,0.00334,0,0.26966,0.01463,0,0,0,0,0
